{"mean":{"confidence_interval":{"confidence_level":0.95,"lower_bound":9197493.309999997,"upper_bound":9299262.464999998},"point_estimate":9236608.356666667,"standard_error":27025.05623362545},"median":{"confidence_interval":{"confidence_level":0.95,"lower_bound":9157759.416666668,"upper_bound":9228005.916666666},"point_estimate":9169265.416666666,"standard_error":17805.285005728412},"median_abs_dev":{"confidence_interval":{"confidence_level":0.95,"lower_bound":28944.79928612709,"upper_bound":110125.1785948891},"point_estimate":68484.62863415341,"standard_error":21309.73414091},"slope":null,"std_dev":{"confidence_interval":{"confidence_level":0.95,"lower_bound":70853.80198939874,"upper_bound":452163.77912967553},"point_estimate":272776.5950814463,"standard_error":124885.94972787496}}