{"mean":{"confidence_interval":{"confidence_level":0.95,"lower_bound":-0.9999964752824495,"upper_bound":-0.9999964612735653},"point_estimate":-0.9999964698450861,"standard_error":3.5852116015754147e-9},"median":{"confidence_interval":{"confidence_level":0.95,"lower_bound":-0.9999964799018176,"upper_bound":-0.9999964746629874},"point_estimate":-0.9999964768618365,"standard_error":1.2728582628376968e-9}}