{"mean":{"confidence_interval":{"confidence_level":0.95,"lower_bound":-0.039924461814893786,"upper_bound":-0.0036417434583610577},"point_estimate":-0.019620683168589448,"standard_error":0.009345631845255853},"median":{"confidence_interval":{"confidence_level":0.95,"lower_bound":-0.0016344752923351962,"upper_bound":0.0036842287291163345},"point_estimate":0.002043498980708769,"standard_error":0.001363422985881651}}