{"mean":{"confidence_interval":{"confidence_level":0.95,"lower_bound":-0.9940509261018979,"upper_bound":-0.9937802466665405},"point_estimate":-0.9939255781731676,"standard_error":0.00007030853146941883},"median":{"confidence_interval":{"confidence_level":0.95,"lower_bound":-0.9940793698641577,"upper_bound":-0.994013250747879},"point_estimate":-0.9940353439488399,"standard_error":0.00001669168211409305}}