{"mean":{"confidence_interval":{"confidence_level":0.95,"lower_bound":4580616.035454545,"upper_bound":4584314.022113636},"point_estimate":4582412.415454546,"standard_error":939.3127220890667},"median":{"confidence_interval":{"confidence_level":0.95,"lower_bound":4578244.090909091,"upper_bound":4583144.454545454},"point_estimate":4579789.318181818,"standard_error":1141.2335122167146},"median_abs_dev":{"confidence_interval":{"confidence_level":0.95,"lower_bound":5757.340043240951,"upper_bound":9963.20660493716},"point_estimate":7701.028608734271,"standard_error":1135.6683647928999},"slope":null,"std_dev":{"confidence_interval":{"confidence_level":0.95,"lower_bound":7551.496955795841,"upper_bound":11431.620086774357},"point_estimate":9466.252203701331,"standard_error":1000.7862646053972}}